Date,INTC,MSFT,IBM,BHP,TM,AAPL,AMZN,BA,QCOM,KO,GOOG,SNE,PTR
2018-12-31,46.93000030517578,101.56999969482422,113.66999816894531,48.290000915527344,116.08000183105469,157.74000549316406,1501.969970703125,322.5,56.90999984741211,47.349998474121094,1035.6099853515625,48.279998779296875,61.54999923706055
2019-01-02,47.08000183105469,101.12000274658203,115.20999908447266,47.86000061035156,116.27999877929688,157.9199981689453,1539.1300048828125,323.80999755859375,57.400001525878906,46.93000030517578,1045.8499755859375,48.720001220703125,60.90999984741211
2019-01-03,44.4900016784668,97.4000015258789,112.91000366210938,46.38999938964844,114.6500015258789,142.19000244140625,1500.280029296875,310.8999938964844,55.70000076293945,46.63999938964844,1016.0599975585938,47.02000045776367,61.150001525878906
2019-01-04,47.220001220703125,101.93000030517578,117.31999969482422,49.220001220703125,119.7300033569336,148.25999450683594,1575.3900146484375,327.0799865722656,56.599998474121094,47.56999969482422,1070.7099609375,49.209999084472656,62.810001373291016
2019-01-07,47.439998626708984,102.05999755859375,118.1500015258789,49.47999954223633,121.27999877929688,147.92999267578125,1629.510009765625,328.1099853515625,56.439998626708984,46.95000076293945,1068.3900146484375,49.720001220703125,62.54999923706055
2019-01-08,47.7400016784668,102.80000305175781,119.83000183105469,49.33000183105469,122.30999755859375,150.75,1656.5799560546875,340.5299987792969,55.95000076293945,47.47999954223633,1076.280029296875,49.88999938964844,63.88999938964844
2019-01-09,48.0099983215332,104.2699966430664,120.69000244140625,49.599998474121094,122.91999816894531,153.30999755859375,1659.4200439453125,343.8299865722656,56.61000061035156,46.56999969482422,1074.6600341796875,49.93000030517578,65.44999694824219
2019-01-10,48.560001373291016,103.5999984741211,121.79000091552734,47.540000915527344,124.48999786376953,153.8000030517578,1656.219970703125,352.6099853515625,56.79999923706055,47.06999969482422,1070.3299560546875,49.099998474121094,64.86000061035156
2019-01-11,48.93000030517578,102.80000305175781,121.45999908447266,47.20000076293945,125.06999969482422,152.2899932861328,1640.56005859375,352.8999938964844,57.5,47.34000015258789,1057.18994140625,48.97999954223633,63.470001220703125
2019-01-14,48.349998474121094,102.05000305175781,120.38999938964844,47.13999938964844,125.38999938964844,150.0,1617.2099609375,350.3599853515625,57.29999923706055,47.150001525878906,1044.68994140625,48.41999816894531,62.45000076293945
2019-01-15,48.599998474121094,105.01000213623047,121.7300033569336,47.529998779296875,126.27999877929688,153.07000732421875,1674.56005859375,352.239990234375,55.72999954223633,47.56999969482422,1077.1500244140625,49.84000015258789,63.45000076293945
2019-01-16,48.130001068115234,105.37999725341797,121.62000274658203,47.34000015258789,125.66000366210938,154.94000244140625,1683.780029296875,352.05999755859375,55.27000045776367,46.91999816894531,1080.969970703125,49.61000061035156,63.72999954223633
2019-01-17,48.470001220703125,106.12000274658203,122.19000244140625,47.849998474121094,124.91999816894531,155.86000061035156,1693.219970703125,359.0899963378906,54.77000045776367,47.060001373291016,1089.9000244140625,49.5099983215332,63.959999084472656
2019-01-18,49.189998626708984,107.70999908447266,123.81999969482422,48.040000915527344,125.3499984741211,156.82000732421875,1696.199951171875,364.7300109863281,55.27000045776367,47.61000061035156,1098.260009765625,50.18000030517578,64.93000030517578
2019-01-22,48.27000045776367,105.68000030517578,122.5199966430664,46.369998931884766,123.5999984741211,153.3000030517578,1632.1700439453125,357.8999938964844,54.290000915527344,47.720001220703125,1070.52001953125,48.470001220703125,61.83000183105469
2019-01-23,47.939998626708984,106.70999908447266,132.88999938964844,46.529998779296875,122.47000122070312,153.9199981689453,1640.02001953125,358.6099853515625,51.77000045776367,48.27000045776367,1075.5699462890625,48.459999084472656,61.939998626708984
2019-01-24,49.7599983215332,106.19999694824219,132.52999877929688,46.619998931884766,122.83000183105469,152.6999969482422,1654.9300537109375,358.2699890136719,50.810001373291016,47.689998626708984,1073.9000244140625,48.369998931884766,63.220001220703125
2019-01-25,47.040000915527344,107.16999816894531,133.97000122070312,48.209999084472656,123.72000122070312,157.75999450683594,1670.5699462890625,364.20001220703125,51.29999923706055,47.369998931884766,1090.989990234375,48.7599983215332,64.06999969482422
2019-01-28,46.709999084472656,105.08000183105469,134.27000427246094,48.209999084472656,122.4800033569336,156.3000030517578,1637.8900146484375,362.9700012207031,50.63999938964844,47.16999816894531,1070.0799560546875,48.83000183105469,63.20000076293945
2019-01-29,46.540000915527344,102.94000244140625,134.3300018310547,49.11000061035156,122.2699966430664,154.67999267578125,1593.8800048828125,364.9100036621094,49.400001525878906,47.400001525878906,1060.6199951171875,48.779998779296875,63.56999969482422
2019-01-30,47.540000915527344,106.37999725341797,134.3800048828125,50.72999954223633,123.04000091552734,165.25,1670.4300537109375,387.7200012207031,50.16999816894531,47.86000061035156,1089.06005859375,49.20000076293945,64.27999877929688
2019-01-31,47.119998931884766,104.43000030517578,134.4199981689453,51.189998626708984,123.16999816894531,166.44000244140625,1718.72998046875,385.6199951171875,49.52000045776367,48.130001068115234,1116.3699951171875,50.119998931884766,64.2699966430664
2019-02-01,48.72999954223633,102.77999877929688,134.10000610351562,51.09000015258789,122.0,166.52000427246094,1626.22998046875,387.42999267578125,49.61000061035156,48.70000076293945,1110.75,46.150001525878906,64.62999725341797
2019-02-04,49.220001220703125,105.73999786376953,135.19000244140625,51.119998931884766,122.9000015258789,171.25,1633.31005859375,397.0,49.689998626708984,49.25,1132.800048828125,46.290000915527344,64.37000274658203
2019-02-05,50.0099983215332,107.22000122070312,135.5500030517578,51.150001525878906,123.47000122070312,174.17999267578125,1658.81005859375,410.17999267578125,50.72999954223633,49.2599983215332,1145.989990234375,45.86000061035156,64.56999969482422
2019-02-06,49.900001525878906,106.02999877929688,136.32000732421875,51.0099983215332,121.05000305175781,174.24000549316406,1640.260009765625,411.1099853515625,51.099998474121094,49.2599983215332,1115.22998046875,44.220001220703125,63.70000076293945
2019-02-07,49.22999954223633,105.2699966430664,133.19000244140625,50.470001220703125,118.11000061035156,170.94000244140625,1614.3699951171875,405.1700134277344,50.54999923706055,49.41999816894531,1098.7099609375,43.060001373291016,63.40999984741211
2019-02-08,48.84000015258789,105.66999816894531,133.7100067138672,50.70000076293945,117.30999755859375,170.41000366210938,1588.219970703125,404.9100036621094,50.290000915527344,49.5,1095.06005859375,44.290000915527344,63.369998931884766
2019-02-11,48.77000045776367,105.25,133.99000549316406,50.900001525878906,117.1500015258789,169.42999267578125,1591.0,403.95001220703125,50.83000183105469,49.61000061035156,1095.010009765625,44.59000015258789,62.31999969482422
2019-02-12,50.0099983215332,106.88999938964844,136.0500030517578,51.25,119.77999877929688,170.88999938964844,1638.010009765625,410.7200012207031,51.65999984741211,49.65999984741211,1121.3699951171875,44.279998779296875,62.88999938964844
2019-02-13,50.470001220703125,106.80999755859375,137.52000427246094,51.65999984741211,119.62999725341797,170.17999267578125,1640.0,410.5799865722656,51.59000015258789,49.790000915527344,1120.1600341796875,45.060001373291016,63.720001220703125
2019-02-14,50.810001373291016,106.9000015258789,136.47999572753906,51.970001220703125,119.25,170.8000030517578,1622.6500244140625,409.82000732421875,51.56999969482422,45.59000015258789,1121.6700439453125,45.119998931884766,63.88999938964844
2019-02-15,51.65999984741211,108.22000122070312,138.02999877929688,52.7599983215332,121.1500015258789,170.4199981689453,1607.949951171875,417.9700012207031,51.97999954223633,45.2400016784668,1113.6500244140625,45.790000915527344,64.4800033569336
2019-02-19,51.400001525878906,108.16999816894531,138.6999969482422,53.20000076293945,121.48999786376953,170.92999267578125,1627.5799560546875,416.260009765625,52.0099983215332,44.83000183105469,1118.56005859375,46.220001220703125,66.37999725341797
2019-02-20,51.38999938964844,107.1500015258789,138.0,54.16999816894531,122.79000091552734,172.02999877929688,1622.0999755859375,421.54998779296875,52.45000076293945,45.099998474121094,1113.800048828125,46.880001068115234,67.37999725341797
2019-02-21,51.40999984741211,109.41000366210938,137.83999633789062,53.38999938964844,121.23999786376953,171.05999755859375,1619.43994140625,417.5799865722656,52.349998474121094,45.86000061035156,1096.969970703125,47.63999938964844,66.4800033569336
2019-02-22,52.4900016784668,110.97000122070312,139.25,54.29999923706055,121.81999969482422,172.97000122070312,1631.56005859375,424.04998779296875,53.119998931884766,45.279998779296875,1110.3699951171875,47.88999938964844,67.54000091552734
2019-02-25,53.099998474121094,111.58999633789062,139.4600067138672,54.15999984741211,122.41000366210938,174.22999572753906,1633.0,426.8699951171875,52.9900016784668,44.939998626708984,1109.4000244140625,48.459999084472656,66.80000305175781
2019-02-26,53.22999954223633,112.36000061035156,139.72000122070312,54.47999954223633,123.2300033569336,174.3300018310547,1636.4000244140625,426.7699890136719,53.029998779296875,44.689998626708984,1115.1300048828125,48.189998626708984,67.26000213623047
2019-02-27,53.2400016784668,112.16999816894531,139.1699981689453,54.279998779296875,122.31999969482422,174.8699951171875,1641.0899658203125,435.44000244140625,53.040000915527344,44.939998626708984,1116.050048828125,48.43000030517578,67.25
2019-02-28,52.959999084472656,112.02999877929688,138.1300048828125,52.900001525878906,121.04000091552734,173.14999389648438,1639.8299560546875,439.9599914550781,53.38999938964844,45.34000015258789,1119.9200439453125,47.9900016784668,65.86000061035156
2019-03-01,53.29999923706055,112.52999877929688,139.1999969482422,52.5099983215332,120.33999633789062,174.97000122070312,1671.72998046875,440.6199951171875,54.20000076293945,45.380001068115234,1140.989990234375,47.88999938964844,65.91999816894531
2019-03-04,53.939998626708984,112.26000213623047,138.42999267578125,52.790000915527344,118.41999816894531,175.85000610351562,1696.1700439453125,432.69000244140625,53.779998779296875,45.650001525878906,1147.800048828125,47.619998931884766,66.04000091552734
2019-03-05,53.68000030517578,111.69999694824219,137.8800048828125,52.88999938964844,118.26000213623047,175.52999877929688,1692.4300537109375,430.1199951171875,53.939998626708984,45.599998474121094,1162.030029296875,47.65999984741211,66.36000061035156
2019-03-06,52.95000076293945,111.75,136.97999572753906,53.22999954223633,117.9800033569336,174.52000427246094,1668.949951171875,424.4599914550781,54.79999923706055,45.45000076293945,1157.8599853515625,47.529998779296875,65.68000030517578
2019-03-07,52.599998474121094,110.38999938964844,135.36000061035156,51.88999938964844,117.23999786376953,172.5,1625.949951171875,422.55999755859375,54.029998779296875,45.279998779296875,1143.300048828125,46.400001525878906,64.41000366210938
2019-03-08,52.47999954223633,110.51000213623047,135.08999633789062,51.650001525878906,117.70999908447266,172.91000366210938,1620.800048828125,422.5400085449219,53.529998779296875,44.84000015258789,1142.3199462890625,45.95000076293945,63.720001220703125
2019-03-11,53.349998474121094,112.83000183105469,137.7100067138672,52.130001068115234,119.12999725341797,178.89999389648438,1670.6199951171875,400.010009765625,54.349998474121094,46.18000030517578,1175.760009765625,46.099998474121094,64.8499984741211
2019-03-12,53.56999969482422,113.62000274658203,138.27999877929688,52.279998779296875,118.76000213623047,180.91000366210938,1673.0999755859375,375.4100036621094,54.84000015258789,46.04999923706055,1193.199951171875,46.310001373291016,64.95999908447266
2019-03-13,54.369998931884766,114.5,138.55999755859375,52.810001373291016,119.30999755859375,181.7100067138672,1690.81005859375,377.1400146484375,55.38999938964844,46.220001220703125,1193.3199462890625,46.65999984741211,65.25
2019-03-14,53.439998626708984,114.58999633789062,138.7899932861328,52.20000076293945,117.69999694824219,183.72999572753906,1686.219970703125,373.29998779296875,55.400001525878906,45.70000076293945,1185.550048828125,46.119998931884766,64.9000015258789
2019-03-15,54.33000183105469,115.91000366210938,139.42999267578125,52.119998931884766,118.97000122070312,186.1199951171875,1712.3599853515625,378.989990234375,56.599998474121094,45.29999923706055,1184.4599609375,46.25,65.12000274658203
2019-03-18,54.099998474121094,117.56999969482422,140.2100067138672,53.02000045776367,119.51000213623047,188.02000427246094,1742.1500244140625,372.2799987792969,56.83000183105469,45.40999984741211,1184.260009765625,46.08000183105469,66.69999694824219
2019-03-19,54.16999816894531,117.6500015258789,140.49000549316406,52.84000015258789,119.7300033569336,186.52999877929688,1761.8499755859375,373.42999267578125,56.970001220703125,45.560001373291016,1198.8499755859375,45.529998779296875,67.70999908447266
2019-03-20,53.81999969482422,117.5199966430664,139.60000610351562,53.38999938964844,119.66999816894531,188.16000366210938,1797.27001953125,376.1600036621094,57.15999984741211,45.529998779296875,1223.969970703125,43.279998779296875,68.5999984741211
2019-03-21,54.63999938964844,120.22000122070312,141.44000244140625,53.689998626708984,120.44000244140625,195.08999633789062,1819.260009765625,372.70001220703125,57.77000045776367,45.5099983215332,1231.5400390625,44.0099983215332,68.41000366210938
2019-03-22,53.2599983215332,117.05000305175781,139.4499969482422,52.25,120.22000122070312,191.0500030517578,1764.77001953125,362.1700134277344,56.81999969482422,45.93000030517578,1205.5,42.029998779296875,66.02999877929688
2019-03-25,52.779998779296875,117.66000366210938,139.17999267578125,52.709999084472656,120.48999786376953,188.74000549316406,1774.260009765625,370.4599914550781,56.63999938964844,46.029998779296875,1193.0,42.150001525878906,65.05999755859375
2019-03-26,53.439998626708984,117.91000366210938,140.22000122070312,53.5,121.7699966430664,186.7899932861328,1783.760009765625,370.3800048828125,58.0,46.63999938964844,1184.6199951171875,42.72999954223633,65.30999755859375
2019-03-27,53.15999984741211,116.7699966430664,139.24000549316406,53.86000061035156,121.02999877929688,188.47000122070312,1765.699951171875,374.2099914550781,56.90999984741211,46.61000061035156,1173.02001953125,42.790000915527344,64.93000030517578
2019-03-28,53.11000061035156,116.93000030517578,139.9199981689453,54.0099983215332,119.06999969482422,188.72000122070312,1773.4200439453125,374.44000244140625,56.54999923706055,46.58000183105469,1168.489990234375,42.400001525878906,65.48999786376953
2019-03-29,53.70000076293945,117.94000244140625,141.10000610351562,54.66999816894531,118.0199966430664,189.9499969482422,1780.75,381.4200134277344,57.029998779296875,46.86000061035156,1173.31005859375,42.2400016784668,65.43000030517578
2019-04-01,54.5099983215332,119.0199966430664,143.3000030517578,56.0,119.87999725341797,191.24000549316406,1814.18994140625,391.5400085449219,57.810001373291016,46.720001220703125,1194.4300537109375,42.97999954223633,66.66000366210938
2019-04-02,54.36000061035156,119.19000244140625,143.0,56.11000061035156,120.6500015258789,194.02000427246094,1813.97998046875,390.75,58.09000015258789,46.56999969482422,1200.489990234375,42.16999816894531,65.91999816894531
2019-04-03,55.47999954223633,119.97000122070312,143.6300048828125,56.29999923706055,121.06999969482422,195.35000610351562,1820.699951171875,384.739990234375,57.68000030517578,46.18000030517578,1205.9200439453125,42.38999938964844,65.88999938964844
2019-04-04,55.91999816894531,119.36000061035156,142.77999877929688,56.18000030517578,122.08000183105469,195.69000244140625,1818.8599853515625,395.8599853515625,57.86000061035156,46.47999954223633,1215.0,42.52000045776367,66.63999938964844
2019-04-05,55.599998474121094,119.88999938964844,143.27999877929688,56.33000183105469,122.54000091552734,197.0,1837.280029296875,391.92999267578125,57.9900016784668,46.470001220703125,1207.1500244140625,43.06999969482422,67.27999877929688
2019-04-08,55.68000030517578,119.93000030517578,143.38999938964844,57.130001068115234,122.23999786376953,200.10000610351562,1849.8599853515625,374.5199890136719,57.7599983215332,46.54999923706055,1203.8399658203125,46.599998474121094,67.58000183105469
2019-04-09,55.31999969482422,119.27999877929688,142.11000061035156,56.5099983215332,122.05999755859375,199.5,1835.8399658203125,369.0400085449219,57.439998626708984,46.66999816894531,1197.25,46.189998626708984,67.29000091552734
2019-04-10,55.75,120.19000244140625,143.02000427246094,57.0,122.18000030517578,200.6199951171875,1847.3299560546875,364.94000244140625,56.33000183105469,46.63999938964844,1202.1600341796875,46.08000183105469,67.04000091552734
2019-04-11,55.79999923706055,120.33000183105469,143.77999877929688,56.349998474121094,121.04000091552734,198.9499969482422,1844.0699462890625,370.1600036621094,55.900001525878906,46.709999084472656,1204.6199951171875,46.25,65.80000305175781
2019-04-12,56.41999816894531,120.94999694824219,144.35000610351562,56.83000183105469,122.4000015258789,198.8699951171875,1843.06005859375,379.6400146484375,56.95000076293945,46.7400016784668,1217.8699951171875,46.9900016784668,65.69999694824219
2019-04-15,56.279998779296875,121.05000305175781,143.89999389648438,56.02000045776367,121.97000122070312,199.22999572753906,1844.8699951171875,375.4599914550781,57.18000030517578,47.0,1221.0999755859375,47.310001373291016,64.52999877929688
2019-04-16,56.709999084472656,120.7699966430664,145.13999938964844,55.369998931884766,121.75,199.25,1863.0400390625,381.7200012207031,70.44999694824219,46.95000076293945,1227.1300048828125,47.95000076293945,64.51000213623047
2019-04-17,58.560001373291016,121.7699966430664,139.11000061035156,55.119998931884766,124.08000183105469,203.1300048828125,1864.8199462890625,377.5199890136719,79.08000183105469,47.279998779296875,1236.3399658203125,47.7400016784668,64.01000213623047
2019-04-18,58.4900016784668,123.37000274658203,140.3300018310547,54.95000076293945,125.16000366210938,203.86000061035156,1861.68994140625,380.07000732421875,79.88999938964844,47.47999954223633,1236.3699951171875,47.86000061035156,64.58999633789062
2019-04-22,58.81999969482422,123.76000213623047,138.88999938964844,55.130001068115234,124.16000366210938,204.52999877929688,1887.31005859375,375.1700134277344,81.97000122070312,47.400001525878906,1248.8399658203125,47.61000061035156,65.41000366210938
2019-04-23,58.779998779296875,125.44000244140625,140.44000244140625,54.68000030517578,124.94000244140625,207.47999572753906,1923.77001953125,374.0199890136719,86.72000122070312,48.209999084472656,1264.550048828125,48.29999923706055,65.25
2019-04-24,58.720001220703125,125.01000213623047,139.9499969482422,53.29999923706055,122.87999725341797,207.16000366210938,1901.75,375.4599914550781,86.83000183105469,47.97999954223633,1256.0,46.459999084472656,64.44999694824219
2019-04-25,57.61000061035156,129.14999389648438,138.6300048828125,53.349998474121094,123.19000244140625,205.27999877929688,1902.25,382.79998779296875,85.06999969482422,47.84000015258789,1263.449951171875,46.65999984741211,64.04000091552734
2019-04-26,52.43000030517578,129.88999938964844,139.44000244140625,53.279998779296875,123.62000274658203,204.3000030517578,1950.6300048828125,380.7900085449219,86.63999938964844,48.2599983215332,1272.1800537109375,50.2400016784668,63.59000015258789
2019-04-29,51.11000061035156,129.77000427246094,139.0500030517578,53.34000015258789,123.80999755859375,204.61000061035156,1938.4300537109375,379.04998779296875,87.25,48.41999816894531,1287.5799560546875,50.25,63.66999816894531
2019-04-30,51.040000915527344,130.60000610351562,140.27000427246094,52.95000076293945,123.5999984741211,200.6699981689453,1926.52001953125,377.69000244140625,86.12999725341797,49.060001373291016,1188.47998046875,50.369998931884766,63.290000915527344
2019-05-01,50.7599983215332,127.87999725341797,140.55999755859375,51.91999816894531,122.91999816894531,210.52000427246094,1911.52001953125,376.79998779296875,86.37000274658203,48.59000015258789,1168.0799560546875,51.36000061035156,62.939998626708984
2019-05-02,50.54999923706055,126.20999908447266,139.58999633789062,51.720001220703125,122.58999633789062,209.14999389648438,1900.8199462890625,375.79998779296875,87.13999938964844,48.38999938964844,1162.6099853515625,51.459999084472656,61.849998474121094
2019-05-03,51.75,128.89999389648438,140.25,52.810001373291016,123.6500015258789,211.75,1962.4599609375,376.4599914550781,89.29000091552734,48.720001220703125,1185.4000244140625,52.25,62.41999816894531
2019-05-06,51.220001220703125,128.14999389648438,140.3800048828125,51.900001525878906,122.9800033569336,208.47999572753906,1950.550048828125,371.6000061035156,88.25,48.470001220703125,1189.3900146484375,51.220001220703125,61.93000030517578
2019-05-07,50.47999954223633,125.5199966430664,137.63999938964844,51.88999938964844,122.5,202.86000061035156,1921.0,357.2300109863281,85.19999694824219,48.0,1174.0999755859375,48.88999938964844,60.04999923706055
2019-05-08,49.2400016784668,125.51000213623047,138.0,51.779998779296875,121.76000213623047,202.89999389648438,1917.77001953125,359.75,84.54000091552734,47.849998474121094,1166.27001953125,48.75,60.02000045776367
2019-05-09,46.619998931884766,125.5,135.33999633789062,51.45000076293945,119.31999969482422,200.72000122070312,1899.8699951171875,354.1300048828125,83.77999877929688,47.400001525878906,1162.3800048828125,48.75,59.34000015258789
2019-05-10,46.20000076293945,127.12999725341797,135.32000732421875,51.869998931884766,119.2699966430664,197.17999267578125,1889.97998046875,354.6700134277344,85.83999633789062,48.189998626708984,1164.27001953125,49.70000076293945,58.939998626708984
2019-05-13,44.7599983215332,123.3499984741211,131.4199981689453,50.650001525878906,118.26000213623047,185.72000122070312,1822.6800537109375,337.3699951171875,83.88999938964844,48.04999923706055,1132.030029296875,48.029998779296875,57.869998931884766
2019-05-14,45.16999816894531,124.7300033569336,133.30999755859375,51.25,119.06999969482422,188.66000366210938,1840.1199951171875,343.0400085449219,86.12999725341797,48.689998626708984,1120.43994140625,48.439998626708984,59.11000061035156
2019-05-15,45.619998931884766,126.0199966430664,134.39999389648438,51.41999816894531,120.63999938964844,190.9199981689453,1871.1500244140625,345.6400146484375,86.26000213623047,49.18000030517578,1164.2099609375,49.939998626708984,58.40999984741211
2019-05-16,45.529998779296875,128.92999267578125,135.8800048828125,52.040000915527344,119.9000015258789,190.0800018310547,1907.5699462890625,353.80999755859375,82.80999755859375,49.58000183105469,1178.97998046875,52.0,58.900001525878906
2019-05-17,44.88999938964844,128.07000732421875,134.32000732421875,52.06999969482422,118.4000015258789,189.0,1869.0,355.0199890136719,81.5,49.20000076293945,1162.300048828125,52.61000061035156,58.06999969482422
2019-05-20,43.560001373291016,126.22000122070312,135.1199951171875,52.31999969482422,118.11000061035156,183.08999633789062,1858.969970703125,352.7900085449219,76.62000274658203,48.849998474121094,1138.8499755859375,52.20000076293945,58.099998474121094
2019-05-21,44.459999084472656,126.9000015258789,136.4499969482422,52.34000015258789,118.25,186.60000610351562,1857.52001953125,358.75,77.75,48.599998474121094,1149.6300048828125,51.029998779296875,58.380001068115234
2019-05-22,44.0,127.66999816894531,136.35000610351562,51.7599983215332,117.31999969482422,182.77999877929688,1859.6800537109375,352.7799987792969,69.30999755859375,49.650001525878906,1151.4200439453125,50.4900016784668,57.849998474121094
2019-05-23,44.529998779296875,126.18000030517578,132.38999938964844,51.279998779296875,117.47000122070312,179.66000366210938,1815.47998046875,350.54998779296875,68.26000213623047,49.849998474121094,1140.77001953125,48.34000015258789,56.310001373291016
2019-05-24,44.56999969482422,126.23999786376953,132.27999877929688,52.47999954223633,118.55000305175781,178.97000122070312,1823.280029296875,354.8999938964844,66.20999908447266,49.61000061035156,1133.469970703125,48.97999954223633,57.36000061035156
2019-05-28,43.56999969482422,126.16000366210938,130.4600067138672,53.150001525878906,119.4000015258789,178.22999572753906,1836.4300537109375,354.8800048828125,65.37000274658203,49.099998474121094,1134.1500244140625,49.16999816894531,56.88999938964844
2019-05-29,44.22999954223633,124.94000244140625,129.69000244140625,52.63999938964844,119.55000305175781,177.3800048828125,1819.18994140625,348.79998779296875,65.76000213623047,48.61000061035156,1116.4599609375,48.22999954223633,56.709999084472656
2019-05-30,44.72999954223633,125.7300033569336,129.57000732421875,52.5,119.75,178.3000030517578,1816.3199462890625,349.8699951171875,66.58999633789062,49.25,1117.949951171875,48.529998779296875,56.16999816894531
2019-05-31,44.040000915527344,123.68000030517578,126.98999786376953,51.90999984741211,117.58000183105469,175.07000732421875,1775.0699462890625,341.6099853515625,66.81999969482422,49.130001068115234,1103.6300048828125,48.0,55.33000183105469
2019-06-03,43.459999084472656,119.83999633789062,128.27000427246094,52.380001068115234,118.12999725341797,173.3000030517578,1692.68994140625,338.8900146484375,66.66000366210938,49.97999954223633,1036.22998046875,47.779998779296875,55.93000030517578
2019-06-04,44.790000915527344,123.16000366210938,132.69000244140625,53.0099983215332,119.54000091552734,179.63999938964844,1729.56005859375,344.6199951171875,68.44999694824219,50.0,1053.050048828125,48.130001068115234,55.86000061035156
2019-06-05,44.54999923706055,125.83000183105469,131.49000549316406,52.380001068115234,120.22000122070312,182.5399932861328,1738.5,348.75,67.0199966430664,50.779998779296875,1042.219970703125,48.11000061035156,54.5
2019-06-06,45.099998474121094,127.81999969482422,132.22000122070312,52.720001220703125,121.30000305175781,185.22000122070312,1754.3599853515625,350.6400146484375,67.58999633789062,51.400001525878906,1044.3399658203125,47.45000076293945,55.209999084472656
2019-06-07,46.029998779296875,131.39999389648438,133.30999755859375,53.099998474121094,122.38999938964844,190.14999389648438,1804.030029296875,353.70001220703125,68.69000244140625,51.4900016784668,1066.0400390625,48.86000061035156,55.65999984741211
2019-06-10,46.79999923706055,132.60000610351562,134.74000549316406,53.33000183105469,123.48999786376953,192.5800018310547,1860.6300048828125,353.79998779296875,70.54000091552734,51.380001068115234,1080.3800048828125,49.619998931884766,55.380001068115234
2019-06-11,46.849998474121094,132.10000610351562,135.9499969482422,55.04999923706055,124.98999786376953,194.80999755859375,1863.699951171875,349.3299865722656,71.23999786376953,51.33000183105469,1078.719970703125,49.81999969482422,55.45000076293945
2019-06-12,46.31999969482422,131.49000549316406,134.8699951171875,54.779998779296875,125.68000030517578,194.19000244140625,1855.3199462890625,347.0299987792969,69.58999633789062,51.63999938964844,1077.030029296875,49.380001068115234,54.33000183105469
2019-06-13,46.70000076293945,132.32000732421875,135.75999450683594,55.470001220703125,124.79000091552734,194.14999389648438,1870.300048828125,348.8599853515625,69.93000030517578,51.130001068115234,1088.77001953125,49.66999816894531,54.779998779296875
2019-06-14,46.189998626708984,132.4499969482422,135.14999389648438,54.970001220703125,124.38999938964844,192.74000549316406,1869.6700439453125,347.1600036621094,68.72000122070312,51.310001373291016,1085.3499755859375,51.33000183105469,54.31999969482422
2019-06-17,46.130001068115234,132.85000610351562,134.9499969482422,54.849998474121094,124.16999816894531,193.88999938964844,1886.030029296875,354.8999938964844,69.11000061035156,50.869998931884766,1092.5,52.099998474121094,54.47999954223633
2019-06-18,47.369998931884766,135.16000366210938,136.3800048828125,56.369998931884766,125.37000274658203,198.4499969482422,1901.3699951171875,373.9599914550781,71.95999908447266,50.63999938964844,1103.5999755859375,52.209999084472656,56.11000061035156
2019-06-19,47.06999969482422,135.69000244140625,137.0800018310547,55.72999954223633,125.20999908447266,197.8699951171875,1908.7900390625,368.55999755859375,71.80000305175781,51.119998931884766,1102.3299560546875,52.97999954223633,55.13999938964844
2019-06-20,47.189998626708984,136.9499969482422,138.85000610351562,57.09000015258789,125.80000305175781,199.4600067138672,1918.18994140625,374.8800048828125,72.73999786376953,51.65999984741211,1111.4200439453125,53.939998626708984,56.720001220703125
2019-06-21,47.459999084472656,136.97000122070312,139.1999969482422,56.599998474121094,124.83000183105469,198.77999877929688,1911.300048828125,371.8399963378906,72.72000122070312,51.54999923706055,1121.8800048828125,53.2400016784668,56.18000030517578
2019-06-24,47.630001068115234,137.77999877929688,139.35000610351562,57.34000015258789,124.79000091552734,198.5800018310547,1913.9000244140625,373.989990234375,73.16000366210938,51.91999816894531,1115.52001953125,53.150001525878906,55.7400016784668
2019-06-25,46.849998474121094,133.42999267578125,138.36000061035156,57.08000183105469,123.93000030517578,195.57000732421875,1878.27001953125,369.32000732421875,72.55000305175781,51.7599983215332,1086.3499755859375,52.54999923706055,55.22999954223633
2019-06-26,48.189998626708984,133.92999267578125,138.52000427246094,57.869998931884766,123.29000091552734,199.8000030517578,1897.8299560546875,374.94000244140625,74.94999694824219,51.119998931884766,1079.800048828125,52.459999084472656,55.75
2019-06-27,47.459999084472656,134.14999389648438,138.52000427246094,58.209999084472656,123.66999816894531,199.74000549316406,1904.280029296875,364.0199890136719,75.43000030517578,51.08000183105469,1076.010009765625,52.70000076293945,55.41999816894531
2019-06-28,47.869998931884766,133.9600067138672,137.89999389648438,58.11000061035156,123.98999786376953,197.9199981689453,1893.6300048828125,364.010009765625,76.06999969482422,50.91999816894531,1080.9100341796875,52.38999938964844,55.06999969482422
2019-07-01,48.04999923706055,135.67999267578125,139.8800048828125,58.439998626708984,125.79000091552734,201.5500030517578,1922.18994140625,356.4599914550781,77.5199966430664,51.599998474121094,1097.949951171875,53.709999084472656,55.66999816894531
2019-07-02,48.119998931884766,136.5800018310547,140.22000122070312,58.970001220703125,127.0,202.72999572753906,1934.31005859375,354.1600036621094,77.01000213623047,51.97999954223633,1111.25,53.68000030517578,55.209999084472656
2019-07-03,48.52000045776367,137.4600067138672,141.5399932861328,58.93000030517578,126.83000183105469,204.41000366210938,1939.0,354.4700012207031,76.62999725341797,52.099998474121094,1121.5799560546875,54.720001220703125,54.83000183105469
2019-07-05,48.08000183105469,137.05999755859375,141.3800048828125,56.61000061035156,126.56999969482422,204.22999572753906,1942.9100341796875,355.8599853515625,76.66000366210938,52.11000061035156,1131.5899658203125,55.029998779296875,54.5
2019-07-08,47.81999969482422,136.9600067138672,140.57000732421875,57.189998626708984,126.87000274658203,200.02000427246094,1952.3199462890625,351.1199951171875,76.62999725341797,52.0,1116.3499755859375,54.65999984741211,54.33000183105469
2019-07-09,47.75,136.4600067138672,139.3300018310547,56.869998931884766,126.9000015258789,201.24000549316406,1988.300048828125,353.0899963378906,76.55000305175781,51.59000015258789,1124.8299560546875,54.380001068115234,54.369998931884766
2019-07-10,48.209999084472656,137.85000610351562,140.47000122070312,57.439998626708984,127.37999725341797,203.22999572753906,2017.4100341796875,352.29998779296875,74.36000061035156,51.81999969482422,1140.47998046875,54.779998779296875,54.54999923706055
2019-07-11,48.599998474121094,138.39999389648438,141.24000549316406,57.209999084472656,126.75,201.75,2001.0699462890625,359.0,73.70999908447266,52.040000915527344,1144.2099609375,55.02000045776367,54.849998474121094
2019-07-12,49.91999816894531,138.89999389648438,142.74000549316406,57.2400016784668,127.70999908447266,203.3000030517578,2011.0,365.3299865722656,74.9000015258789,52.119998931884766,1144.9000244140625,55.77000045776367,54.869998931884766
2019-07-15,50.119998931884766,138.89999389648438,143.32000732421875,57.849998474121094,127.62999725341797,205.2100067138672,2020.989990234375,361.6099853515625,75.43000030517578,52.130001068115234,1150.3399658203125,55.77000045776367,54.5
2019-07-16,49.16999816894531,137.0800018310547,143.52999877929688,57.560001373291016,128.61000061035156,204.5,2009.9000244140625,362.75,75.66999816894531,52.13999938964844,1153.5799560546875,53.9900016784668,54.20000076293945
2019-07-17,49.38999938964844,136.27000427246094,143.07000732421875,58.0099983215332,129.36000061035156,203.35000610351562,1992.030029296875,369.5199890136719,75.76000213623047,52.18000030517578,1146.3499755859375,54.369998931884766,54.09000015258789
2019-07-18,49.939998626708984,136.4199981689453,149.6300048828125,57.84000015258789,129.80999755859375,205.66000366210938,1977.9000244140625,361.1099853515625,74.37000274658203,52.029998779296875,1146.3299560546875,53.95000076293945,54.529998779296875
2019-07-19,50.27000045776367,136.6199951171875,149.67999267578125,58.29999923706055,130.1699981689453,202.58999633789062,1964.52001953125,377.3599853515625,75.0,51.38999938964844,1130.0999755859375,53.65999984741211,55.099998474121094
2019-07-22,51.349998474121094,138.42999267578125,149.74000549316406,58.470001220703125,131.13999938964844,207.22000122070312,1985.6300048828125,373.4200134277344,75.94999694824219,51.220001220703125,1138.0699462890625,53.79999923706055,54.630001068115234
2019-07-23,51.75,139.2899932861328,150.3800048828125,58.380001068115234,131.75,208.83999633789062,1994.489990234375,373.07000732421875,74.12000274658203,54.33000183105469,1146.2099609375,54.40999984741211,54.77000045776367
2019-07-24,52.91999816894531,140.72000122070312,150.02999877929688,56.34000015258789,133.0,208.6699981689453,2000.81005859375,361.42999267578125,75.87000274658203,53.779998779296875,1137.81005859375,55.099998474121094,54.16999816894531
2019-07-25,52.15999984741211,140.19000244140625,150.38999938964844,56.11000061035156,132.5,207.02000427246094,1973.8199462890625,348.0899963378906,75.3499984741211,53.06999969482422,1132.1199951171875,54.54999923706055,54.06999969482422
2019-07-26,51.59000015258789,141.33999633789062,151.36000061035156,56.130001068115234,131.9499969482422,207.74000549316406,1943.050048828125,345.0,75.22000122070312,54.16999816894531,1250.4100341796875,54.79999923706055,54.040000915527344
2019-07-29,52.5099983215332,141.02999877929688,150.8800048828125,56.43000030517578,131.72999572753906,209.67999267578125,1912.449951171875,340.2099914550781,74.97000122070312,53.9900016784668,1239.4100341796875,54.70000076293945,53.7599983215332
2019-07-30,51.70000076293945,140.35000610351562,149.77000427246094,56.2599983215332,131.1300048828125,208.77999877929688,1898.530029296875,347.4599914550781,74.80999755859375,53.720001220703125,1225.1400146484375,57.099998474121094,53.43000030517578
2019-07-31,50.54999923706055,136.27000427246094,148.24000549316406,54.93000030517578,129.0500030517578,213.0399932861328,1866.780029296875,341.17999267578125,73.16000366210938,52.630001068115234,1216.6800537109375,56.86000061035156,53.06999969482422
2019-08-01,49.5,138.05999755859375,150.32000732421875,52.93000030517578,129.6199951171875,208.42999267578125,1855.3199462890625,334.2900085449219,71.19999694824219,52.029998779296875,1209.010009765625,55.849998474121094,51.93000030517578
2019-08-02,48.68000030517578,136.89999389648438,147.25,52.04999923706055,128.9499969482422,204.02000427246094,1823.239990234375,339.55999755859375,71.1500015258789,52.33000183105469,1193.989990234375,54.97999954223633,51.41999816894531
2019-08-05,46.970001220703125,132.2100067138672,140.75999450683594,50.43000030517578,128.3000030517578,193.33999633789062,1765.1300048828125,331.05999755859375,68.80000305175781,51.650001525878906,1152.3199462890625,53.650001525878906,49.29999923706055
2019-08-06,46.959999084472656,134.69000244140625,140.72999572753906,50.220001220703125,127.05000305175781,197.0,1787.8299560546875,332.45001220703125,68.16999816894531,52.27000045776367,1169.949951171875,55.0,49.540000915527344
2019-08-07,46.72999954223633,135.27999877929688,139.11000061035156,49.88999938964844,128.22000122070312,199.0399932861328,1793.4000244140625,331.3800048828125,69.4000015258789,53.18000030517578,1173.989990234375,55.529998779296875,49.38999938964844
2019-08-08,47.16999816894531,138.88999938964844,140.10000610351562,51.0,129.35000610351562,203.42999267578125,1832.8900146484375,336.3500061035156,71.26000213623047,53.689998626708984,1204.800048828125,56.25,50.25
2019-08-09,45.97999954223633,137.7100067138672,136.1300048828125,49.97999954223633,128.97999572753906,200.99000549316406,1807.5799560546875,337.54998779296875,71.5,53.41999816894531,1188.010009765625,56.11000061035156,49.790000915527344
2019-08-12,45.599998474121094,135.7899932861328,134.1199951171875,49.540000915527344,128.22999572753906,200.47999572753906,1784.9200439453125,332.94000244140625,69.80000305175781,53.20000076293945,1174.7099609375,55.599998474121094,49.02000045776367
2019-08-13,46.84000015258789,138.60000610351562,135.7899932861328,50.650001525878906,129.4199981689453,208.97000122070312,1824.3399658203125,332.8599853515625,72.18000030517578,53.5,1197.27001953125,56.2599983215332,49.529998779296875
2019-08-14,45.869998931884766,133.97999572753906,131.25,49.16999816894531,126.4800033569336,202.75,1762.9599609375,320.4200134277344,70.87999725341797,52.9900016784668,1164.2900390625,54.31999969482422,48.029998779296875
2019-08-15,45.70000076293945,133.67999267578125,131.9199981689453,49.29999923706055,127.36000061035156,201.74000549316406,1776.1199951171875,328.0,71.16000366210938,53.869998931884766,1167.260009765625,55.02000045776367,48.45000076293945
2019-08-16,46.5,136.1300048828125,133.75999450683594,48.810001373291016,128.7899932861328,206.5,1792.5699462890625,330.45001220703125,73.27999877929688,54.40999984741211,1177.5999755859375,55.72999954223633,48.77000045776367
2019-08-19,47.22999954223633,138.41000366210938,135.0399932861328,49.13999938964844,129.63999938964844,210.35000610351562,1816.1199951171875,333.7799987792969,74.87000274658203,54.689998626708984,1198.449951171875,55.720001220703125,49.470001220703125
2019-08-20,46.599998474121094,137.25999450683594,133.0,48.43000030517578,129.02999877929688,210.36000061035156,1801.3800048828125,331.75,76.06999969482422,53.880001068115234,1182.68994140625,55.65999984741211,49.5099983215332
2019-08-21,47.150001525878906,138.7899932861328,134.25,47.61000061035156,129.8800048828125,212.63999938964844,1823.5400390625,339.989990234375,76.69999694824219,54.099998474121094,1191.25,56.650001525878906,49.68000030517578
2019-08-22,46.779998779296875,137.77999877929688,134.32000732421875,47.25,129.64999389648438,212.4600067138672,1804.6600341796875,354.4100036621094,77.1500015258789,54.4900016784668,1189.530029296875,54.77000045776367,48.83000183105469
2019-08-23,44.959999084472656,133.38999938964844,129.57000732421875,46.689998626708984,127.83000183105469,202.63999938964844,1749.6199951171875,356.010009765625,73.5199966430664,53.7400016784668,1151.2900390625,53.84000015258789,47.66999816894531
2019-08-26,45.560001373291016,135.4499969482422,129.99000549316406,47.220001220703125,130.77999877929688,206.49000549316406,1768.8699951171875,359.0400085449219,72.91000366210938,54.540000915527344,1168.8900146484375,55.52000045776367,47.97999954223633
2019-08-27,45.790000915527344,135.74000549316406,131.1699981689453,47.13999938964844,130.4600067138672,204.16000366210938,1761.8299560546875,354.7300109863281,73.97000122070312,54.720001220703125,1167.8399658203125,55.5099983215332,47.88999938964844
2019-08-28,45.790000915527344,135.55999755859375,132.75999450683594,47.810001373291016,130.2899932861328,205.52999877929688,1764.25,359.9700012207031,74.3499984741211,55.11000061035156,1171.02001953125,55.61000061035156,47.97999954223633
2019-08-29,46.869998931884766,138.1199951171875,134.8800048828125,48.13999938964844,130.5,209.00999450683594,1786.4000244140625,362.739990234375,76.44999694824219,55.04999923706055,1192.8499755859375,56.720001220703125,48.779998779296875
2019-08-30,47.40999984741211,137.86000061035156,135.52999877929688,49.15999984741211,130.6300048828125,208.74000549316406,1776.2900390625,364.0899963378906,77.7699966430664,55.040000915527344,1188.0999755859375,56.90999984741211,49.04999923706055
2019-09-03,46.97999954223633,136.0399932861328,134.10000610351562,48.72999954223633,131.57000732421875,205.6999969482422,1789.8399658203125,354.4200134277344,75.12000274658203,55.29999923706055,1168.3900146484375,57.43000030517578,49.369998931884766
2019-09-04,48.91999816894531,137.6300048828125,136.32000732421875,50.40999984741211,132.10000610351562,209.19000244140625,1800.6199951171875,356.5299987792969,77.08999633789062,55.77000045776367,1181.4100341796875,58.5099983215332,50.099998474121094
2019-09-05,50.099998474121094,140.0500030517578,140.97000122070312,49.310001373291016,131.1699981689453,213.27999877929688,1840.719970703125,360.29998779296875,78.98999786376953,55.119998931884766,1211.3800048828125,59.540000915527344,50.900001525878906
2019-09-06,50.91999816894531,139.10000610351562,140.57000732421875,49.15999984741211,132.0500030517578,213.25999450683594,1833.510009765625,363.0,78.83999633789062,55.22999954223633,1204.9300537109375,59.20000076293945,50.90999984741211
2019-09-09,51.59000015258789,137.52000427246094,142.60000610351562,49.75,132.8300018310547,214.1699981689453,1831.3499755859375,358.7799987792969,78.20999908447266,54.52000045776367,1204.4100341796875,59.97999954223633,52.849998474121094
2019-09-10,51.81999969482422,136.0800018310547,145.0500030517578,50.36000061035156,133.6199951171875,216.6999969482422,1820.550048828125,369.489990234375,78.70999908447266,54.400001525878906,1206.0,59.2400016784668,53.380001068115234
2019-09-11,52.790000915527344,136.1199951171875,143.60000610351562,50.58000183105469,135.5500030517578,223.58999633789062,1822.989990234375,382.94000244140625,79.9000015258789,54.77000045776367,1220.1700439453125,60.04999923706055,53.459999084472656
2019-09-12,53.0099983215332,137.52000427246094,143.6199951171875,50.959999084472656,135.7899932861328,223.08999633789062,1843.550048828125,375.6300048828125,79.08000183105469,55.11000061035156,1234.25,60.25,52.7599983215332
2019-09-13,52.540000915527344,137.32000732421875,143.6699981689453,51.91999816894531,136.66000366210938,218.75,1839.3399658203125,379.760009765625,78.41000366210938,54.2599983215332,1239.56005859375,60.36000061035156,53.08000183105469
2019-09-16,52.20000076293945,136.3300018310547,142.47999572753906,52.040000915527344,135.94000244140625,219.89999389648438,1807.8399658203125,378.8500061035156,78.04000091552734,53.959999084472656,1231.300048828125,59.970001220703125,55.15999984741211
2019-09-17,51.95000076293945,137.38999938964844,142.1999969482422,51.58000183105469,137.82000732421875,220.6999969482422,1822.550048828125,384.20001220703125,78.69000244140625,54.2400016784668,1229.1500244140625,59.939998626708984,53.439998626708984
2019-09-18,51.7400016784668,138.52000427246094,142.22000122070312,51.189998626708984,137.0500030517578,222.77000427246094,1817.4599609375,386.4100036621094,78.9000015258789,54.22999954223633,1232.4100341796875,59.11000061035156,53.560001373291016
2019-09-19,51.56999969482422,141.07000732421875,142.97000122070312,51.349998474121094,136.5500030517578,220.9600067138672,1821.5,384.44000244140625,78.2300033569336,54.52000045776367,1238.7099609375,59.349998474121094,52.95000076293945
2019-09-20,50.720001220703125,139.44000244140625,141.8800048828125,50.9900016784668,136.55999755859375,217.72999572753906,1794.1600341796875,379.3900146484375,76.44000244140625,53.90999984741211,1229.9300537109375,59.119998931884766,52.790000915527344
2019-09-23,50.900001525878906,139.13999938964844,142.07000732421875,50.599998474121094,136.3699951171875,218.72000122070312,1785.300048828125,377.0299987792969,77.23999786376953,54.13999938964844,1234.030029296875,59.119998931884766,52.529998779296875
2019-09-24,49.81999969482422,137.3800048828125,141.67999267578125,49.209999084472656,137.41000366210938,217.67999267578125,1741.6099853515625,381.6499938964844,75.2300033569336,54.29999923706055,1218.760009765625,58.90999984741211,51.75
2019-09-25,51.02000045776367,139.36000061035156,143.16000366210938,49.630001068115234,136.6199951171875,221.02999877929688,1768.3299560546875,386.20001220703125,77.26000213623047,54.16999816894531,1246.52001953125,60.58000183105469,51.5
2019-09-26,50.91999816894531,139.5399932861328,143.5500030517578,49.47999954223633,138.32000732421875,219.88999938964844,1739.8399658203125,386.8900146484375,77.3499984741211,54.38999938964844,1241.3900146484375,59.40999984741211,50.5
2019-09-27,50.779998779296875,137.72999572753906,143.24000549316406,49.77000045776367,136.27999877929688,218.82000732421875,1725.449951171875,382.8599853515625,76.62999725341797,54.310001373291016,1225.0899658203125,58.77000045776367,50.220001220703125
2019-09-30,51.529998779296875,139.02999877929688,145.4199981689453,49.380001068115234,134.49000549316406,223.97000122070312,1735.9100341796875,380.4700012207031,76.27999877929688,54.439998626708984,1219.0,59.130001068115234,50.810001373291016
2019-10-01,50.7599983215332,137.07000732421875,143.66000366210938,49.0099983215332,133.2899932861328,224.58999633789062,1735.6500244140625,374.94000244140625,75.47000122070312,54.650001525878906,1205.0999755859375,57.959999084472656,50.650001525878906
2019-10-02,49.38999938964844,134.64999389648438,141.69000244140625,47.68000030517578,131.47000122070312,218.9600067138672,1713.22998046875,367.3599853515625,73.98999786376953,53.08000183105469,1176.6300048828125,56.83000183105469,50.619998931884766
2019-10-03,50.029998779296875,136.27999877929688,142.02000427246094,47.869998931884766,131.1999969482422,220.82000732421875,1724.4200439453125,372.07000732421875,75.7300033569336,53.84000015258789,1187.8299560546875,57.93000030517578,51.34000015258789
2019-10-04,50.91999816894531,138.1199951171875,142.99000549316406,48.40999984741211,131.82000732421875,227.00999450683594,1739.6500244140625,375.70001220703125,77.48999786376953,54.540000915527344,1209.0,58.75,50.58000183105469
2019-10-07,50.619998931884766,137.1199951171875,141.27999877929688,47.79999923706055,131.14999389648438,227.05999755859375,1732.6600341796875,376.5400085449219,76.33999633789062,53.869998931884766,1207.6800537109375,58.06999969482422,50.47999954223633
2019-10-08,49.72999954223633,135.6699981689453,138.3800048828125,47.470001220703125,131.42999267578125,224.39999389648438,1705.510009765625,374.1000061035156,72.8499984741211,53.58000183105469,1189.1300048828125,57.209999084472656,50.209999084472656
2019-10-09,50.47999954223633,138.24000549316406,139.6699981689453,47.540000915527344,133.00999450683594,227.02999877929688,1721.989990234375,374.9599914550781,74.3499984741211,53.83000183105469,1202.31005859375,57.869998931884766,50.70000076293945
2019-10-10,51.11000061035156,139.10000610351562,141.1300048828125,48.369998931884766,132.64999389648438,230.08999633789062,1720.260009765625,371.0,74.97000122070312,53.65999984741211,1208.6700439453125,57.33000183105469,51.31999969482422
2019-10-11,52.09000015258789,139.67999267578125,142.75999450683594,49.61000061035156,135.4499969482422,236.2100067138672,1731.9200439453125,374.9200134277344,76.69999694824219,53.29999923706055,1215.449951171875,58.13999938964844,52.56999969482422
2019-10-14,51.63999938964844,139.5500030517578,142.0399932861328,48.619998931884766,135.07000732421875,235.8699951171875,1736.4300537109375,373.17999267578125,76.30000305175781,53.29999923706055,1217.1400146484375,57.84000015258789,52.029998779296875
2019-10-15,52.650001525878906,141.57000732421875,143.0,48.68000030517578,136.8699951171875,235.32000732421875,1767.3800048828125,370.9599914550781,77.81999969482422,53.5099983215332,1243.010009765625,58.5,51.849998474121094
2019-10-16,52.45000076293945,140.41000366210938,142.11000061035156,48.16999816894531,136.75999450683594,234.3699951171875,1777.4300537109375,372.42999267578125,78.2300033569336,53.4900016784668,1243.6400146484375,58.91999816894531,51.650001525878906
2019-10-17,51.86000061035156,139.69000244140625,134.25999450683594,47.66999816894531,135.9499969482422,235.27999877929688,1787.47998046875,369.05999755859375,78.97000122070312,53.790000915527344,1253.0699462890625,60.040000915527344,51.84000015258789
2019-10-18,51.36000061035156,137.41000366210938,134.08999633789062,47.529998779296875,135.77000427246094,236.41000366210938,1757.510009765625,344.0,77.68000030517578,54.779998779296875,1245.489990234375,59.209999084472656,51.33000183105469
2019-10-21,52.130001068115234,138.42999267578125,132.5800018310547,48.380001068115234,136.32000732421875,240.50999450683594,1785.6600341796875,331.05999755859375,78.9800033569336,54.22999954223633,1246.1500244140625,59.18000030517578,51.459999084472656
2019-10-22,52.0099983215332,136.3699951171875,133.9600067138672,48.560001373291016,136.35000610351562,239.9600067138672,1765.72998046875,337.0,78.47000122070312,53.849998474121094,1242.800048828125,58.970001220703125,51.38999938964844
2019-10-23,51.720001220703125,137.24000549316406,134.3800048828125,49.029998779296875,137.32000732421875,243.17999267578125,1762.1700439453125,340.5,77.23999786376953,54.63999938964844,1259.1300048828125,58.58000183105469,51.790000915527344
2019-10-24,52.22999954223633,139.94000244140625,134.07000732421875,48.869998931884766,138.14999389648438,243.5800018310547,1780.780029296875,344.54998779296875,78.98999786376953,54.61000061035156,1260.989990234375,58.630001068115234,51.70000076293945
2019-10-25,56.459999084472656,140.72999572753906,135.44000244140625,49.220001220703125,138.27999877929688,246.5800018310547,1761.3299560546875,339.8299865722656,80.16999816894531,53.75,1265.1300048828125,58.5099983215332,52.220001220703125
2019-10-28,56.7599983215332,144.19000244140625,135.97000122070312,49.88999938964844,138.33999633789062,249.0500030517578,1777.0799560546875,340.8800048828125,83.05000305175781,53.56999969482422,1290.0,59.060001373291016,52.619998931884766
2019-10-29,56.34000015258789,142.8300018310547,133.82000732421875,49.720001220703125,138.67999267578125,243.2899932861328,1762.7099609375,348.92999267578125,81.66000366210938,53.40999984741211,1262.6199951171875,59.2400016784668,51.79999923706055
2019-10-30,56.599998474121094,144.61000061035156,135.25,49.369998931884766,139.02000427246094,243.25999450683594,1779.989990234375,346.05999755859375,81.44000244140625,53.939998626708984,1261.2900390625,61.06999969482422,49.27000045776367
2019-10-31,56.529998779296875,143.3699951171875,133.72999572753906,48.90999984741211,138.5500030517578,248.75999450683594,1776.6600341796875,339.9100036621094,80.44000244140625,54.43000030517578,1260.1099853515625,60.83000183105469,48.22999954223633
2019-11-01,56.5099983215332,143.72000122070312,135.52999877929688,49.9900016784668,139.8300018310547,255.82000732421875,1791.43994140625,345.19000244140625,83.58000183105469,53.900001525878906,1273.739990234375,61.439998626708984,48.93000030517578
2019-11-04,57.61000061035156,144.5500030517578,137.6699981689453,50.90999984741211,140.55999755859375,257.5,1804.6600341796875,351.0899963378906,85.08999633789062,53.13999938964844,1291.3699951171875,61.56999969482422,49.52000045776367
2019-11-05,57.54999923706055,144.4600067138672,137.88999938964844,51.849998474121094,140.74000549316406,257.1300048828125,1801.7099609375,358.2900085449219,85.45999908447266,52.41999816894531,1292.030029296875,61.439998626708984,50.5099983215332
2019-11-06,57.599998474121094,144.05999755859375,138.77999877929688,51.400001525878906,140.3699951171875,257.239990234375,1795.77001953125,354.19000244140625,84.62999725341797,52.79999923706055,1291.800048828125,60.72999954223633,50.2599983215332
2019-11-07,58.04999923706055,144.25999450683594,137.69000244140625,51.470001220703125,142.86000061035156,259.42999267578125,1788.199951171875,357.30999755859375,89.9800033569336,52.290000915527344,1308.8599853515625,60.400001525878906,50.79999923706055
2019-11-08,58.27000045776367,145.9600067138672,137.61000061035156,50.790000915527344,144.38999938964844,260.1400146484375,1785.8800048828125,351.0,94.02999877929688,52.209999084472656,1311.3699951171875,60.40999984741211,50.4900016784668
2019-11-11,58.349998474121094,146.11000061035156,135.47000122070312,50.369998931884766,145.05999755859375,262.20001220703125,1771.6500244140625,366.9599914550781,91.83999633789062,51.84000015258789,1299.18994140625,61.720001220703125,49.59000015258789
2019-11-12,58.20000076293945,147.07000732421875,135.58999633789062,50.31999969482422,144.5399932861328,261.9599914550781,1778.0,362.8800048828125,90.97000122070312,51.709999084472656,1298.800048828125,62.130001068115234,48.630001068115234
2019-11-13,57.88999938964844,147.30999755859375,134.47999572753906,49.709999084472656,144.55999755859375,264.4700012207031,1753.1099853515625,362.5,90.47000122070312,52.40999984741211,1298.0,62.290000915527344,47.93000030517578
2019-11-14,57.810001373291016,148.05999755859375,134.0,49.900001525878906,143.8699951171875,262.6400146484375,1754.5999755859375,367.44000244140625,90.4800033569336,52.630001068115234,1311.4599609375,61.849998474121094,47.29999923706055
2019-11-15,57.959999084472656,149.97000122070312,134.39999389648438,50.88999938964844,144.27000427246094,265.760009765625,1739.489990234375,371.67999267578125,90.80999755859375,52.66999816894531,1334.8699951171875,62.060001373291016,47.70000076293945
2019-11-18,58.25,150.33999633789062,134.30999755859375,50.650001525878906,143.60000610351562,267.1000061035156,1752.530029296875,369.4599914550781,90.4800033569336,53.029998779296875,1320.699951171875,62.439998626708984,46.790000915527344
2019-11-19,58.349998474121094,150.38999938964844,134.52000427246094,51.119998931884766,142.85000610351562,266.2900085449219,1752.7900390625,367.0,87.95999908447266,53.08000183105469,1315.4599609375,61.900001525878906,46.790000915527344
2019-11-20,57.900001525878906,149.6199951171875,133.1999969482422,50.220001220703125,141.3699951171875,263.19000244140625,1745.530029296875,370.9100036621094,85.62000274658203,53.220001220703125,1303.050048828125,61.47999954223633,47.349998474121094
2019-11-21,58.220001220703125,149.47999572753906,133.83999633789062,50.31999969482422,142.13999938964844,262.010009765625,1734.7099609375,366.44000244140625,85.11000061035156,52.959999084472656,1301.3499755859375,61.52000045776367,47.4900016784668
2019-11-22,57.61000061035156,149.58999633789062,134.33999633789062,50.84000015258789,142.52999877929688,261.7799987792969,1745.719970703125,371.3399963378906,84.88999938964844,53.029998779296875,1295.3399658203125,61.20000076293945,46.790000915527344
2019-11-25,58.810001373291016,151.22999572753906,135.97000122070312,51.459999084472656,142.5399932861328,266.3699951171875,1773.8399658203125,373.1300048828125,85.29000091552734,53.220001220703125,1306.68994140625,61.79999923706055,47.650001525878906
2019-11-26,58.900001525878906,152.02999877929688,135.08999633789062,51.56999969482422,141.97000122070312,264.2900085449219,1796.93994140625,373.510009765625,84.62999725341797,53.900001525878906,1313.550048828125,63.150001525878906,47.369998931884766
2019-11-27,58.5099983215332,152.32000732421875,133.77000427246094,51.849998474121094,141.66000366210938,267.8399963378906,1818.510009765625,368.0,84.80000305175781,53.95000076293945,1312.989990234375,63.720001220703125,46.970001220703125
2019-11-29,58.04999923706055,151.3800048828125,134.4499969482422,51.529998779296875,140.2100067138672,267.25,1800.800048828125,366.17999267578125,83.55000305175781,53.400001525878906,1304.9599609375,63.47999954223633,45.810001373291016
2019-12-02,57.65999984741211,149.5500030517578,132.91000366210938,51.75,140.27000427246094,264.1600036621094,1781.5999755859375,355.17999267578125,82.44999694824219,53.75,1289.9200439453125,63.279998779296875,45.75
2019-12-03,56.06999969482422,149.30999755859375,132.1199951171875,50.790000915527344,140.72999572753906,259.45001220703125,1769.9599609375,352.0799865722656,80.58000183105469,53.79999923706055,1295.280029296875,64.58999633789062,45.279998779296875
2019-12-04,56.02000045776367,149.85000610351562,131.99000549316406,51.41999816894531,143.3800048828125,261.739990234375,1760.68994140625,348.8399963378906,82.08000183105469,54.290000915527344,1320.5400390625,65.29000091552734,45.7400016784668
2019-12-05,56.08000183105469,149.92999267578125,131.91000366210938,51.08000183105469,142.8300018310547,265.5799865722656,1740.47998046875,345.67999267578125,82.58999633789062,54.189998626708984,1328.1300048828125,65.19999694824219,45.34000015258789
2019-12-06,56.810001373291016,151.75,133.22000122070312,51.75,142.77000427246094,270.7099914550781,1751.5999755859375,354.0899963378906,83.81999969482422,54.41999816894531,1340.6199951171875,65.29000091552734,45.90999984741211
2019-12-09,56.529998779296875,151.36000061035156,133.9199981689453,52.27000045776367,141.88999938964844,266.9200134277344,1749.510009765625,351.2099914550781,84.91999816894531,54.06999969482422,1343.56005859375,65.93000030517578,46.130001068115234
2019-12-10,56.59000015258789,151.1300048828125,133.91000366210938,52.59000015258789,141.17999267578125,268.4800109863281,1739.2099609375,347.8999938964844,84.12000274658203,53.77000045776367,1344.6600341796875,66.30999755859375,45.869998931884766
2019-12-11,57.06999969482422,151.6999969482422,133.75999450683594,53.220001220703125,141.6199951171875,270.7699890136719,1748.719970703125,350.0,86.98999786376953,53.95000076293945,1345.02001953125,66.54000091552734,46.40999984741211
2019-12-12,57.54999923706055,153.24000549316406,135.32000732421875,53.7400016784668,141.60000610351562,271.4599914550781,1760.3299560546875,346.2900085449219,89.05000305175781,54.13999938964844,1350.27001953125,67.31999969482422,47.83000183105469
2019-12-13,57.790000915527344,154.52999877929688,134.2100067138672,54.15999984741211,142.10000610351562,275.1499938964844,1760.93994140625,341.6700134277344,87.83000183105469,54.41999816894531,1347.8299560546875,67.56999969482422,48.40999984741211
2019-12-16,57.70000076293945,155.52999877929688,134.1300048828125,55.189998626708984,142.52999877929688,279.8599853515625,1769.2099609375,327.0,88.43000030517578,54.41999816894531,1361.1700439453125,68.25,48.77000045776367
2019-12-17,57.29999923706055,154.69000244140625,134.22000122070312,55.310001373291016,142.77000427246094,280.4100036621094,1790.6600341796875,327.0,88.31999969482422,54.41999816894531,1355.1199951171875,67.73999786376953,49.5
2019-12-18,57.16999816894531,154.3699951171875,134.41000366210938,54.7400016784668,142.38999938964844,279.739990234375,1784.030029296875,330.67999267578125,87.9800033569336,53.90999984741211,1352.6199951171875,67.69999694824219,49.36000061035156
2019-12-19,57.959999084472656,155.7100067138672,134.55999755859375,54.630001068115234,142.75999450683594,280.0199890136719,1792.280029296875,333.5,88.48999786376953,54.31999969482422,1356.0400390625,67.87999725341797,48.959999084472656
2019-12-20,58.95000076293945,157.41000366210938,135.58999633789062,54.36000061035156,141.97000122070312,279.44000244140625,1786.5,328.0,88.8499984741211,54.970001220703125,1349.5899658203125,67.9000015258789,49.119998931884766
2019-12-23,59.22999954223633,157.41000366210938,135.5500030517578,54.52000045776367,141.9600067138672,284.0,1793.0,337.54998779296875,88.44999694824219,54.90999984741211,1348.8399658203125,68.08000183105469,49.529998779296875
2019-12-24,59.40999984741211,157.3800048828125,134.97999572753906,54.459999084472656,141.33999633789062,284.2699890136719,1789.2099609375,333.0,88.7699966430664,54.709999084472656,1343.56005859375,67.76000213623047,49.099998474121094
2019-12-26,59.81999969482422,158.6699981689453,134.91000366210938,54.810001373291016,141.52999877929688,289.9100036621094,1868.77001953125,329.9200134277344,88.4000015258789,55.02000045776367,1360.4000244140625,68.0199966430664,49.65999984741211
2019-12-27,60.08000183105469,158.9600067138672,135.27000427246094,54.93000030517578,141.27999877929688,289.79998779296875,1869.800048828125,330.1400146484375,88.80000305175781,55.349998474121094,1351.8900146484375,67.77999877929688,50.060001373291016
2019-12-30,59.619998931884766,157.58999633789062,132.80999755859375,54.720001220703125,140.61000061035156,291.5199890136719,1846.8900146484375,326.3999938964844,88.43000030517578,55.27000045776367,1336.1400146484375,67.72000122070312,49.56999969482422
2019-12-31,59.849998474121094,157.6999969482422,134.0399932861328,54.709999084472656,140.5399932861328,293.6499938964844,1847.8399658203125,325.760009765625,88.2300033569336,55.349998474121094,1337.02001953125,68.0,50.33000183105469
2020-01-02,60.84000015258789,160.6199951171875,135.4199981689453,54.91999816894531,142.24000549316406,300.3500061035156,1898.010009765625,333.32000732421875,88.69000244140625,54.9900016784668,1367.3699951171875,69.05999755859375,51.11000061035156
2020-01-03,60.099998474121094,158.6199951171875,134.33999633789062,54.54999923706055,140.75,297.42999267578125,1874.969970703125,332.760009765625,87.0199966430664,54.689998626708984,1360.6600341796875,68.08000183105469,51.619998931884766
2020-01-06,59.93000030517578,159.02999877929688,134.10000610351562,54.4900016784668,140.77000427246094,299.79998779296875,1902.8800048828125,333.739990234375,86.51000213623047,54.66999816894531,1394.2099609375,69.11000061035156,53.369998931884766
2020-01-07,58.93000030517578,157.5800018310547,134.19000244140625,54.4900016784668,141.50999450683594,298.3900146484375,1906.8599853515625,337.2799987792969,88.97000122070312,54.25,1393.3399658203125,70.19999694824219,52.86000061035156
2020-01-08,58.970001220703125,160.08999633789062,135.30999755859375,54.7599983215332,141.16000366210938,303.19000244140625,1891.969970703125,331.3699951171875,88.70999908447266,54.349998474121094,1404.3199462890625,70.45999908447266,51.77000045776367
2020-01-09,59.29999923706055,162.08999633789062,136.74000549316406,54.2400016784668,140.50999450683594,309.6300048828125,1901.050048828125,336.3399963378906,89.91000366210938,55.34000015258789,1419.8299560546875,71.02999877929688,52.54999923706055
2020-01-10,58.939998626708984,161.33999633789062,136.69000244140625,54.38999938964844,139.72999572753906,310.3299865722656,1883.1600341796875,329.9200134277344,90.26000213623047,55.529998779296875,1429.72998046875,70.86000061035156,51.459999084472656
2020-01-13,59.59000015258789,163.27999877929688,136.60000610351562,54.75,140.55999755859375,316.9599914550781,1891.300048828125,330.2200012207031,90.97000122070312,56.130001068115234,1439.22998046875,71.63999938964844,51.68000030517578
2020-01-14,59.43000030517578,162.1300048828125,135.82000732421875,55.189998626708984,140.3699951171875,312.67999267578125,1869.43994140625,332.3500061035156,90.55999755859375,56.0,1430.8800048828125,72.47000122070312,51.25
2020-01-15,58.939998626708984,163.17999267578125,136.6199951171875,55.029998779296875,139.36000061035156,311.3399963378906,1862.02001953125,329.79998779296875,89.66999816894531,56.70000076293945,1439.199951171875,71.5999984741211,51.0
2020-01-16,59.65999984741211,166.1699981689453,137.97999572753906,55.560001373291016,140.10000610351562,315.239990234375,1877.93994140625,332.0,91.79000091552734,56.81999969482422,1451.699951171875,72.62000274658203,51.22999954223633
2020-01-17,59.599998474121094,167.10000610351562,138.30999755859375,56.47999954223633,140.0399932861328,318.7300109863281,1864.719970703125,324.1499938964844,95.91000366210938,56.939998626708984,1480.3900146484375,72.4800033569336,50.95000076293945
2020-01-21,60.54999923706055,166.5,139.1699981689453,55.58000183105469,142.3800048828125,316.57000732421875,1892.0,313.3699951171875,94.54000091552734,57.16999816894531,1484.4000244140625,72.12999725341797,48.54999923706055
2020-01-22,62.72999954223633,165.6999969482422,143.88999938964844,56.34000015258789,141.55999755859375,317.70001220703125,1887.4599609375,309.0,92.97000122070312,57.61000061035156,1485.949951171875,72.37999725341797,48.779998779296875
2020-01-23,63.31999969482422,166.72000122070312,142.8699951171875,55.63999938964844,143.05999755859375,319.2300109863281,1884.5799560546875,317.7900085449219,92.0,57.83000183105469,1486.6500244140625,72.58999633789062,48.119998931884766
2020-01-24,68.47000122070312,165.0399932861328,140.55999755859375,54.439998626708984,142.75999450683594,318.30999755859375,1861.6400146484375,323.04998779296875,89.6500015258789,57.68000030517578,1466.7099609375,71.87999725341797,47.349998474121094
2020-01-27,65.69000244140625,162.27999877929688,138.6199951171875,52.75,141.05999755859375,308.95001220703125,1828.3399658203125,316.6000061035156,87.05000305175781,57.47999954223633,1433.9000244140625,71.30999755859375,46.119998931884766
2020-01-28,67.30999755859375,165.4600067138672,139.5500030517578,53.0099983215332,142.5800018310547,317.69000244140625,1853.25,316.55999755859375,89.1500015258789,57.0099983215332,1452.56005859375,72.0199966430664,46.02000045776367
2020-01-29,66.33000183105469,168.0399932861328,137.69000244140625,52.91999816894531,141.5500030517578,324.3399963378906,1858.0,322.0199890136719,88.2300033569336,57.0099983215332,1458.6300048828125,71.80000305175781,45.86000061035156
2020-01-30,66.47000122070312,172.77999877929688,136.77000427246094,52.97999954223633,141.0800018310547,323.8699951171875,1870.6800537109375,323.29998779296875,87.77999877929688,58.86000061035156,1455.8399658203125,71.13999938964844,45.36000061035156
2020-01-31,63.93000030517578,170.22999572753906,143.72999572753906,51.11000061035156,138.83999633789062,309.510009765625,2008.719970703125,318.2699890136719,85.30999755859375,58.400001525878906,1434.22998046875,70.18000030517578,44.0099983215332
2020-02-03,64.41999816894531,174.3800048828125,146.27000427246094,50.779998779296875,138.9199981689453,308.6600036621094,2004.199951171875,316.0,86.4800033569336,58.58000183105469,1485.93994140625,70.4800033569336,43.08000183105469
2020-02-04,65.45999908447266,180.1199951171875,149.11000061035156,52.16999816894531,140.9499969482422,318.8500061035156,2049.669921875,317.94000244140625,88.93000030517578,58.84000015258789,1447.0699462890625,73.0,43.93000030517578
2020-02-05,67.33999633789062,179.89999389648438,156.3300018310547,52.849998474121094,141.72000122070312,321.45001220703125,2039.8699951171875,329.54998779296875,90.91000366210938,58.849998474121094,1448.22998046875,70.51000213623047,44.400001525878906
